{
    "length": {
        "impact": 0.27026261958724307,
        "min_target": 12
    },
    "lowercase_count": {
        "impact": 0.013951578450506602,
        "min_target": 1
    },
    "uppercase_count": {
        "impact": 0.007828482198649232,
        "min_target": 1
    },
    "digit_count": {
        "impact": 0.012706215161254576,
        "min_target": 1
    },
    "special_count": {
        "impact": 0.0012970549306293422,
        "min_target": 1
    },
    "entropy": {
        "impact": 0.030438074170694503,
        "min_target": 3.0
    },
    "transitions": {
        "impact": 0.007108026244935122,
        "min_target": 3.0
    },
    "max_repeat": {
        "impact": 0.0069870832401615,
        "min_target": 3.0
    },
    "leet_count": {
        "impact": 0.0034403237679949527,
        "min_target": 1
    },
    "is_common_root": {
        "impact": 0.0,
        "min_target": 3.0
    },
    "shape_complexity": {
        "impact": 0.009330630016757779,
        "min_target": 3.0
    },
    "pattern_intensity": {
        "impact": 0.001717822013303712,
        "min_target": 3.0
    },
    "habit_score": {
        "impact": 0.009713930703151021,
        "min_target": 3.0
    },
    "char_diversity": {
        "impact": 0.0016242512809066566,
        "min_target": 3.0
    }
}